Unnamed: 0,Num_episode,Title,Type,Year_launch,Rate,Votes,Saga,Airdate,Year,Month,Popularity_Score,Type_Encoded,Saga_Encoded
1,1,Homecoming,Mixed Canon/Filler,2007,8.2,728,s1 Kazekage Rescue,2007-02-15,2007,2,5969.599999999999,2,0
2,2,The Akatsuki Makes Its Move,Mixed Canon/Filler,2007,8.0,575,s1 Kazekage Rescue,2007-02-15,2007,2,4600.0,2,0
3,3,The Results of Training,Mixed Canon/Filler,2007,8.0,508,s1 Kazekage Rescue,2007-02-22,2007,2,4064.0,2,0
4,4,The Jinchuriki of the Sand,Mixed Canon/Filler,2007,8.2,517,s1 Kazekage Rescue,2007-03-01,2007,3,4239.4,2,0
5,5,The Kazekage Stands Tall,Mixed Canon/Filler,2007,8.2,486,s1 Kazekage Rescue,2007-03-15,2007,3,3985.2,2,0
6,6,Mission Cleared,Mixed Canon/Filler,2007,8.2,480,s1 Kazekage Rescue,2007-03-29,2007,3,3935.9999999999995,2,0
7,7,"Run, Kankuro",Mixed Canon/Filler,2007,7.8,457,s1 Kazekage Rescue,2007-03-29,2007,3,3564.6,2,0
8,8,"Team Kakashi, Deployed",Mixed Canon/Filler,2007,7.7,437,s1 Kazekage Rescue,2007-04-12,2007,4,3364.9,2,0
9,9,The Jinchuriki's Tears,Mixed Canon/Filler,2007,7.6,434,s1 Kazekage Rescue,2007-04-12,2007,4,3298.3999999999996,2,0
10,10,Sealing Jutsu: Nine Phantom Dragons,Mixed Canon/Filler,2007,7.5,424,s1 Kazekage Rescue,2007-04-19,2007,4,3180.0,2,0
11,11,The Medical Ninja's Student,Mixed Canon/Filler,2007,7.7,425,s1 Kazekage Rescue,2007-04-26,2007,4,3272.5,2,0
12,12,The Retired Granny's Determination,Mixed Canon/Filler,2007,7.9,425,s1 Kazekage Rescue,2007-05-03,2007,5,3357.5,2,0
13,13,A Meeting With Destiny,Mixed Canon/Filler,2007,8.1,432,s1 Kazekage Rescue,2007-05-10,2007,5,3499.2,2,0
14,14,Naruto's Growth,Mixed Canon/Filler,2007,8.3,452,s1 Kazekage Rescue,2007-05-17,2007,5,3751.6000000000004,2,0
15,15,The Secret Weapon is Called....,Mixed Canon/Filler,2007,8.4,447,s1 Kazekage Rescue,2007-05-24,2007,5,3754.8,2,0
16,16,The Secret of Jinchuriki,Mixed Canon/Filler,2007,7.6,403,s1 Kazekage Rescue,2007-05-31,2007,5,3062.7999999999997,2,0
17,17,The Death of Gaara!,Mixed Canon/Filler,2007,7.8,405,s1 Kazekage Rescue,2007-06-07,2007,6,3159.0,2,0
18,18,Charge Tactic! Button Hook Entry!!,Mixed Canon/Filler,2007,7.7,407,s1 Kazekage Rescue,2007-06-21,2007,6,3133.9,2,0
19,19,Traps Activate! Team Guy's Enemies,Mixed Canon/Filler,2007,7.8,399,s1 Kazekage Rescue,2007-07-05,2007,7,3112.2,2,0
20,20,Hiruko vs. Two Kunoichi!,Manga Canon,2007,8.1,427,s1 Kazekage Rescue,2007-07-19,2007,7,3458.7,1,0
21,21,Sasori's Real Face,Manga Canon,2007,8.1,421,s1 Kazekage Rescue,2007-07-26,2007,7,3410.1,1,0
22,22,Chiyo's Secret Skills,Manga Canon,2007,7.9,413,s1 Kazekage Rescue,2007-08-02,2007,8,3262.7000000000003,1,0
23,23,Father and Mother,Manga Canon,2007,7.9,410,s1 Kazekage Rescue,2007-08-02,2007,8,3239.0,1,0
24,24,The Third Kazekage,Mixed Canon/Filler,2007,8.1,418,s1 Kazekage Rescue,2007-08-09,2007,8,3385.7999999999997,2,0
25,25,Three Minutes Between Life and Death,Mixed Canon/Filler,2007,7.9,414,s1 Kazekage Rescue,2007-08-16,2007,8,3270.6000000000004,2,0
26,26,Puppet Fight: 10 vs. 100!,Manga Canon,2007,8.4,656,s1 Kazekage Rescue,2007-08-23,2007,8,5510.400000000001,1,0
27,27,Impossible Dream,Manga Canon,2007,8.5,474,s1 Kazekage Rescue,2007-08-30,2007,8,4029.0,1,0
28,28,Beasts! Alive Again!,Filler,2007,7.1,367,s1 Kazekage Rescue,2007-09-13,2007,9,2605.7,0,0
29,29,Kakashi Enlightened!,Manga Canon,2007,8.1,402,s1 Kazekage Rescue,2007-09-27,2007,9,3256.2,1,0
30,30,Aesthetics of an Instant,Manga Canon,2007,8.4,439,s1 Kazekage Rescue,2007-09-27,2007,9,3687.6000000000004,1,0
31,31,The Legacy!,Manga Canon,2007,8.5,675,s1 Kazekage Rescue,2007-10-18,2007,10,5737.5,1,0
32,32,Return of the Kazekage,Manga Canon,2007,7.9,405,s1 Kazekage Rescue,2007-10-25,2007,10,3199.5,1,0
33,33,The New Target,Manga Canon,2007,7.7,374,s2 Long-Awaited Reunion,2007-11-08,2007,11,2879.8,1,11
34,34,Formation! New Team Kakashi!,Manga Canon,2007,7.2,362,s2 Long-Awaited Reunion,2007-11-15,2007,11,2606.4,1,11
35,35,An Unnecessary Addition,Manga Canon,2007,7.3,364,s2 Long-Awaited Reunion,2007-11-22,2007,11,2657.2,1,11
36,36,The Fake Smile,Manga Canon,2007,7.2,362,s2 Long-Awaited Reunion,2007-11-29,2007,11,2606.4,1,11
37,37,Untitled,Manga Canon,2007,7.1,361,s2 Long-Awaited Reunion,2007-11-29,2007,11,2563.1,1,11
38,38,Simulation,Manga Canon,2007,7.1,360,s2 Long-Awaited Reunion,2007-12-06,2007,12,2556.0,1,11
39,39,The Tenchi Bridge,Manga Canon,2007,7.8,379,s2 Long-Awaited Reunion,2007-12-13,2007,12,2956.2,1,11
40,40,Nine-Tails Unleashed,Manga Canon,2007,7.7,393,s2 Long-Awaited Reunion,2007-12-20,2007,12,3026.1,1,11
41,41,The Top-Secret Mission Begins,Manga Canon,2007,8.0,395,s2 Long-Awaited Reunion,2007-12-20,2007,12,3160.0,1,11
42,42,Orochimaru vs. Jinchuriki,Manga Canon,2008,8.5,459,s2 Long-Awaited Reunion,2008-01-10,2008,1,3901.5,1,11
43,43,Sakura's Tears,Manga Canon,2008,7.9,380,s2 Long-Awaited Reunion,2008-01-17,2008,1,3002.0,1,11
44,44,The Secret of the Battle!,Manga Canon,2008,7.4,354,s2 Long-Awaited Reunion,2008-01-24,2008,1,2619.6,1,11
45,45,The Consequences of Betrayal,Mixed Canon/Filler,2008,7.3,346,s2 Long-Awaited Reunion,2008-01-31,2008,1,2525.7999999999997,2,11
46,46,The Unfinished Page,Manga Canon,2008,7.3,347,s2 Long-Awaited Reunion,2008-02-07,2008,2,2533.1,1,11
47,47,Infiltration: The Den of the Snake!,Manga Canon,2008,7.4,348,s2 Long-Awaited Reunion,2008-02-14,2008,2,2575.2000000000003,1,11
48,48,Bonds,Manga Canon,2008,7.2,355,s2 Long-Awaited Reunion,2008-02-28,2008,2,2556.0,1,11
49,49,Something Important...,Mixed Canon/Filler,2008,7.5,360,s2 Long-Awaited Reunion,2008-03-06,2008,3,2700.0,2,11
50,50,The Picture Book's Story,Mixed Canon/Filler,2008,7.3,345,s2 Long-Awaited Reunion,2008-03-13,2008,3,2518.5,2,11
51,51,Reunion,Manga Canon,2008,7.5,358,s2 Long-Awaited Reunion,2008-03-20,2008,3,2685.0,1,11
52,52,The Power of the Uchiha,Manga Canon,2008,8.0,384,s2 Long-Awaited Reunion,2008-03-20,2008,3,3072.0,1,11
53,53,Title,Manga Canon,2008,7.5,364,s2 Long-Awaited Reunion,2008-04-03,2008,4,2730.0,1,11
54,54,Nightmare,Mixed Canon/Filler,2008,7.5,362,s3 Twelve Guardian Ninja,2008-04-03,2008,4,2715.0,2,14
55,55,Wind,Manga Canon,2008,7.9,363,s3 Twelve Guardian Ninja,2008-04-17,2008,4,2867.7000000000003,1,14
56,56,Squirming,Mixed Canon/Filler,2008,7.6,346,s3 Twelve Guardian Ninja,2008-04-24,2008,4,2629.6,2,14
57,57,Robbed of Sleep,Filler,2008,6.9,269,s3 Twelve Guardian Ninja,2008-05-08,2008,5,1856.1000000000001,0,14
58,58,Loneliness,Filler,2008,6.6,267,s3 Twelve Guardian Ninja,2008-05-08,2008,5,1762.1999999999998,0,14
59,59,A New Enemy,Filler,2008,6.5,262,s3 Twelve Guardian Ninja,2008-05-15,2008,5,1703.0,0,14
60,60,Impermanence,Filler,2008,6.7,256,s3 Twelve Guardian Ninja,2008-05-22,2008,5,1715.2,0,14
61,61,Contact,Filler,2008,6.7,259,s3 Twelve Guardian Ninja,2008-05-29,2008,5,1735.3,0,14
62,62,Teammate,Filler,2008,6.5,256,s3 Twelve Guardian Ninja,2008-06-05,2008,6,1664.0,0,14
63,63,The Two Kings,Filler,2008,6.6,253,s3 Twelve Guardian Ninja,2008-06-19,2008,6,1669.8,0,14
64,64,The Jet-Black Signal Fire,Filler,2008,6.6,250,s3 Twelve Guardian Ninja,2008-07-03,2008,7,1650.0,0,14
65,65,Lockdown of Darkness,Filler,2008,6.9,249,s3 Twelve Guardian Ninja,2008-07-03,2008,7,1718.1000000000001,0,14
66,66,Revived Souls,Filler,2008,6.7,250,s3 Twelve Guardian Ninja,2008-07-10,2008,7,1675.0,0,14
67,67,Everyone's Struggle to the Death,Filler,2008,6.8,247,s3 Twelve Guardian Ninja,2008-07-24,2008,7,1679.6,0,14
68,68,Moment of Awakening,Filler,2008,6.7,247,s3 Twelve Guardian Ninja,2008-07-31,2008,7,1654.9,0,14
69,69,Despair,Filler,2008,6.6,251,s3 Twelve Guardian Ninja,2008-07-31,2008,7,1656.6,0,14
70,70,Resonance,Filler,2008,6.6,253,s3 Twelve Guardian Ninja,2008-08-07,2008,8,1669.8,0,14
71,71,My Friend,Filler,2008,6.6,265,s3 Twelve Guardian Ninja,2008-08-14,2008,8,1749.0,0,14
72,72,The Quietly Approaching Threat,Manga Canon,2008,7.3,335,s4 Immortal Devastators,2008-08-21,2008,8,2445.5,1,15
73,73,Akatsuki's Invasion,Manga Canon,2008,7.7,360,s4 Immortal Devastators,2008-08-28,2008,8,2772.0,1,15
74,74,Under the Starry Sky,Manga Canon,2008,7.5,340,s4 Immortal Devastators,2008-09-04,2008,9,2550.0,1,15
75,75,The Old Monk's Prayer,Manga Canon,2008,7.4,334,s4 Immortal Devastators,2008-09-11,2008,9,2471.6,1,15
76,76,The Next Step,Manga Canon,2008,7.7,348,s4 Immortal Devastators,2008-09-25,2008,9,2679.6,1,15
77,77,Climbing Silver,Manga Canon,2008,8.3,382,s4 Immortal Devastators,2008-09-25,2008,9,3170.6000000000004,1,15
78,78,The Judgment,Manga Canon,2008,8.6,501,s4 Immortal Devastators,2008-10-02,2008,10,4308.599999999999,1,15
79,79,Unfulfilled Scream,Manga Canon,2008,8.6,482,s4 Immortal Devastators,2008-10-02,2008,10,4145.2,1,15
80,80,Last Words,Manga Canon,2008,8.5,634,s4 Immortal Devastators,2008-10-16,2008,10,5389.0,1,15
81,81,Sad News,Manga Canon,2008,8.1,372,s4 Immortal Devastators,2008-10-23,2008,10,3013.2,1,15
82,82,Team Ten,Manga Canon,2008,8.6,569,s4 Immortal Devastators,2008-10-30,2008,10,4893.4,1,15
83,83,Target: Locked On,Manga Canon,2008,8.3,377,s4 Immortal Devastators,2008-11-06,2008,11,3129.1000000000004,1,15
84,84,Kakuzu's Abilities,Manga Canon,2008,8.5,427,s4 Immortal Devastators,2008-11-13,2008,11,3629.5,1,15
85,85,Terrifying Secret,Manga Canon,2008,8.4,518,s4 Immortal Devastators,2008-11-20,2008,11,4351.2,1,15
86,86,Shikamaru's Genius,Manga Canon,2008,8.4,589,s4 Immortal Devastators,2008-12-04,2008,12,4947.6,1,15
87,87,"When You Curse Someone, You Dig Your Own Grave",Manga Canon,2008,8.6,730,s4 Immortal Devastators,2008-12-04,2008,12,6278.0,1,15
88,88,Wind Style: Rasen Shuriken!,Manga Canon,2008,8.4,617,s4 Immortal Devastators,2008-12-11,2008,12,5182.8,1,15
89,89,The Price of Power,Mixed Canon/Filler,2008,7.7,344,s5 The Three-Tailed Demon Turtle,2008-12-18,2008,12,2648.8,2,16
90,90,A Shinobi's Determination,Mixed Canon/Filler,2008,6.9,287,s5 The Three-Tailed Demon Turtle,2008-12-25,2008,12,1980.3000000000002,2,16
91,91,Orochimaru's Hideout Discovered,Filler,2009,7.0,260,s5 The Three-Tailed Demon Turtle,2009-01-08,2009,1,1820.0,0,16
92,92,Encounter,Filler,2009,6.7,256,s5 The Three-Tailed Demon Turtle,2009-01-15,2009,1,1715.2,0,16
93,93,Connecting Hearts,Filler,2009,6.5,253,s5 The Three-Tailed Demon Turtle,2009-01-22,2009,1,1644.5,0,16
94,94,A Night of Rain,Filler,2009,6.4,245,s5 The Three-Tailed Demon Turtle,2009-01-29,2009,1,1568.0,0,16
95,95,The Two Charms,Filler,2009,6.4,246,s5 The Three-Tailed Demon Turtle,2009-02-05,2009,2,1574.4,0,16
96,96,The Unseeing Enemy,Filler,2009,6.6,239,s5 The Three-Tailed Demon Turtle,2009-02-12,2009,2,1577.3999999999999,0,16
97,97,The Labyrinth of Distorted Reflection,Filler,2009,6.8,240,s5 The Three-Tailed Demon Turtle,2009-02-19,2009,2,1632.0,0,16
98,98,The Target Appears,Filler,2009,6.8,239,s5 The Three-Tailed Demon Turtle,2009-02-26,2009,2,1625.2,0,16
99,99,The Rampaging Tailed Beast,Filler,2009,6.8,244,s5 The Three-Tailed Demon Turtle,2009-03-05,2009,3,1659.2,0,16
100,100,Inside the Mist,Filler,2009,6.5,241,s5 The Three-Tailed Demon Turtle,2009-03-12,2009,3,1566.5,0,16
101,101,Everyone's Feelings,Filler,2009,6.4,239,s5 The Three-Tailed Demon Turtle,2009-03-26,2009,3,1529.6000000000001,0,16
102,102,Regroup!,Filler,2009,6.4,240,s5 The Three-Tailed Demon Turtle,2009-03-26,2009,3,1536.0,0,16
103,103,The Four-Corner Sealing Barrier,Filler,2009,6.7,240,s5 The Three-Tailed Demon Turtle,2009-04-09,2009,4,1608.0,0,16
104,104,Breaking the Crystal Style,Filler,2009,6.8,237,s5 The Three-Tailed Demon Turtle,2009-04-09,2009,4,1611.6,0,16
105,105,The Battle Over the Barrier,Filler,2009,6.4,241,s5 The Three-Tailed Demon Turtle,2009-04-16,2009,4,1542.4,0,16
106,106,Red Camellia,Filler,2009,6.6,239,s5 The Three-Tailed Demon Turtle,2009-04-23,2009,4,1577.3999999999999,0,16
107,107,Strange Bedfellows,Filler,2009,6.5,236,s5 The Three-Tailed Demon Turtle,2009-04-30,2009,4,1534.0,0,16
108,108,Guidepost of the Camellia,Filler,2009,6.4,237,s5 The Three-Tailed Demon Turtle,2009-05-07,2009,5,1516.8000000000002,0,16
109,109,Cursed Seal Counterattack,Filler,2009,6.3,235,s5 The Three-Tailed Demon Turtle,2009-05-14,2009,5,1480.5,0,16
110,110,Memory of Guilt,Filler,2009,6.6,238,s5 The Three-Tailed Demon Turtle,2009-05-21,2009,5,1570.8,0,16
111,111,Shattered Promise,Filler,2009,6.7,241,s5 The Three-Tailed Demon Turtle,2009-05-28,2009,5,1614.7,0,16
112,112,A Place to Return To,Mixed Canon/Filler,2009,6.9,251,s5 The Three-Tailed Demon Turtle,2009-06-04,2009,6,1731.9,2,16
113,113,The Serpent's Pupil,Manga Canon,2009,7.8,350,s6 Prophecy and Vengeance,2009-06-11,2009,6,2730.0,1,17
114,114,Eye of a Hawk,Manga Canon,2009,8.2,367,s6 Prophecy and Vengeance,2009-06-18,2009,6,3009.3999999999996,1,17
115,115,Zabuza's Blade,Mixed Canon/Filler,2009,7.4,323,s6 Prophecy and Vengeance,2009-06-25,2009,6,2390.2000000000003,2,17
116,116,Guardian of the Iron Wall,Manga Canon,2009,7.2,313,s6 Prophecy and Vengeance,2009-07-02,2009,7,2253.6,1,17
117,117,Jugo of the Northern Hideout,Manga Canon,2009,7.3,309,s6 Prophecy and Vengeance,2009-07-09,2009,7,2255.7,1,17
118,118,Formation!,Manga Canon,2009,7.2,311,s6 Prophecy and Vengeance,2009-07-23,2009,7,2239.2000000000003,1,17
119,119,"Kakashi Chronicles: A Boy's Life on the Battlefield, Part 1",Manga Canon,2009,8.4,661,s6 Prophecy and Vengeance,2009-07-30,2009,7,5552.400000000001,1,17
120,120,"Kakashi Chronicles: A Boy's Life on the Battlefield, Part 2",Manga Canon,2009,8.9,977,s6 Prophecy and Vengeance,2009-07-30,2009,7,8695.300000000001,1,17
121,121,Assemble,Manga Canon,2009,7.7,344,s6 Prophecy and Vengeance,2009-08-06,2009,8,2648.8,1,17
122,122,The Hunt,Manga Canon,2009,7.8,337,s6 Prophecy and Vengeance,2009-08-13,2009,8,2628.6,1,17
123,123,Clash!,Manga Canon,2009,8.5,482,s6 Prophecy and Vengeance,2009-08-20,2009,8,4097.0,1,17
124,124,Art,Manga Canon,2009,8.4,533,s6 Prophecy and Vengeance,2009-08-27,2009,8,4477.2,1,17
125,125,Disappearance,Manga Canon,2009,8.2,377,s6 Prophecy and Vengeance,2009-09-03,2009,9,3091.3999999999996,1,17
126,126,Twilight,Manga Canon,2009,8.4,398,s6 Prophecy and Vengeance,2009-09-10,2009,9,3343.2000000000003,1,17
127,127,Tales of a Gutsy Ninja ~Jiraiya Ninja Scroll~ Part 1,Mixed Canon/Filler,2009,8.0,358,s6 Prophecy and Vengeance,2009-09-24,2009,9,2864.0,2,17
128,128,Tales of a Gutsy Ninja ~Jiraiya Ninja Scroll~ Part 2,Mixed Canon/Filler,2009,8.5,434,s6 Prophecy and Vengeance,2009-09-24,2009,9,3689.0,2,17
129,129,Infiltrate! The Village Hidden in the Rain,Manga Canon,2009,8.0,350,s6 Prophecy and Vengeance,2009-10-08,2009,10,2800.0,1,17
130,130,The Man Who Became God,Manga Canon,2009,8.5,468,s6 Prophecy and Vengeance,2009-10-08,2009,10,3978.0,1,17
131,131,Honored Sage Mode!,Manga Canon,2009,8.5,697,s6 Prophecy and Vengeance,2009-10-15,2009,10,5924.5,1,17
132,132,"In Attendance, the Six Paths of Pain",Manga Canon,2009,8.8,810,s6 Prophecy and Vengeance,2009-10-22,2009,10,7128.000000000001,1,17
133,133,The Tale of Jiraiya the Gallant,Manga Canon,2009,9.5,2229,s6 Prophecy and Vengeance,2009-10-29,2009,10,21175.5,1,17
134,134,Banquet Invitation,Manga Canon,2009,8.3,380,s6 Prophecy and Vengeance,2009-11-05,2009,11,3154.0000000000005,1,17
135,135,The Longest Moment...,Manga Canon,2009,8.4,389,s6 Prophecy and Vengeance,2009-11-19,2009,11,3267.6000000000004,1,17
136,136,The Light & Dark of the Mangekyo Sharingan,Manga Canon,2009,8.6,738,s6 Prophecy and Vengeance,2009-11-19,2009,11,6346.8,1,17
137,137,Amaterasu!,Manga Canon,2009,8.8,875,s6 Prophecy and Vengeance,2009-11-26,2009,11,7700.000000000001,1,17
138,138,The End,Manga Canon,2009,9.2,1154,s6 Prophecy and Vengeance,2009-12-03,2009,12,10616.8,1,17
139,139,The Mystery of Tobi,Manga Canon,2009,8.6,486,s6 Prophecy and Vengeance,2009-12-10,2009,12,4179.599999999999,1,17
140,140,Fate,Manga Canon,2009,8.6,732,s6 Prophecy and Vengeance,2009-12-17,2009,12,6295.2,1,17
141,141,Truth,Manga Canon,2009,8.8,849,s6 Prophecy and Vengeance,2009-12-24,2009,12,7471.200000000001,1,17
142,142,Battle of Unraikyo,Manga Canon,2010,7.9,330,s6 Prophecy and Vengeance,2010-01-07,2010,1,2607.0,1,17
143,143,The Eight Tails Vs. Sasuke,Manga Canon,2010,8.5,418,s6 Prophecy and Vengeance,2010-01-14,2010,1,3553.0,1,17
144,144,Wanderer,Filler,2010,6.2,234,s7 The Six-Tailed Demon Slug,2010-01-21,2010,1,1450.8,0,18
145,145,Successor of the Forbidden Jutsu,Filler,2010,6.2,228,s7 The Six-Tailed Demon Slug,2010-01-28,2010,1,1413.6000000000001,0,18
146,146,The Successor's Wish,Filler,2010,6.3,222,s7 The Six-Tailed Demon Slug,2010-02-04,2010,2,1398.6,0,18
147,147,Rogue Ninja's Past,Filler,2010,6.3,224,s7 The Six-Tailed Demon Slug,2010-02-11,2010,2,1411.2,0,18
148,148,Heir to Darkness,Filler,2010,6.2,221,s7 The Six-Tailed Demon Slug,2010-02-18,2010,2,1370.2,0,18
149,149,Separation,Filler,2010,6.4,220,s7 The Six-Tailed Demon Slug,2010-02-25,2010,2,1408.0,0,18
150,150,The Forbidden Jutsu Released,Filler,2010,6.4,224,s7 The Six-Tailed Demon Slug,2010-03-04,2010,3,1433.6000000000001,0,18
151,151,Master and Student,Filler,2010,6.5,233,s7 The Six-Tailed Demon Slug,2010-03-11,2010,3,1514.5,0,18
152,152,Somber News,Manga Canon,2010,8.2,353,s8 Two Saviors,2010-03-25,2010,3,2894.6,1,19
153,153,Following the Master's Shadow,Manga Canon,2010,8.5,397,s8 Two Saviors,2010-03-25,2010,3,3374.5,1,19
154,154,Decryption,Manga Canon,2010,7.9,336,s8 Two Saviors,2010-04-08,2010,4,2654.4,1,19
155,155,The First Challenge,Manga Canon,2010,7.9,337,s8 Two Saviors,2010-04-08,2010,4,2662.3,1,19
156,156,Surpassing the Master,Manga Canon,2010,7.7,335,s8 Two Saviors,2010-04-15,2010,4,2579.5,1,19
157,157,Assault On the Leaf Village!,Manga Canon,2010,8.1,353,s8 Two Saviors,2010-04-22,2010,4,2859.2999999999997,1,19
158,158,Power to Believe,Manga Canon,2010,8.4,377,s8 Two Saviors,2010-04-29,2010,4,3166.8,1,19
159,159,Pain Vs. Kakashi,Manga Canon,2010,8.9,909,s8 Two Saviors,2010-05-06,2010,5,8090.1,1,19
160,160,Mystery of Pain,Manga Canon,2010,8.4,381,s8 Two Saviors,2010-05-13,2010,5,3200.4,1,19
161,161,"Surname Is Sarutobi! Given Name, Konohamaru!",Manga Canon,2010,8.5,413,s8 Two Saviors,2010-05-20,2010,5,3510.5,1,19
162,162,Pain to the World,Manga Canon,2010,8.8,816,s8 Two Saviors,2010-05-27,2010,5,7180.8,1,19
163,163,Explosion! Sage Mode,Manga Canon,2010,8.8,828,s8 Two Saviors,2010-06-03,2010,6,7286.400000000001,1,19
164,164,Danger! Sage Mode Limit Reached,Manga Canon,2010,9.1,1053,s8 Two Saviors,2010-06-10,2010,6,9582.3,1,19
165,165,"Nine Tails, Captured!",Manga Canon,2010,8.9,994,s8 Two Saviors,2010-06-17,2010,6,8846.6,1,19
166,166,Confessions,Manga Canon,2010,9.2,1135,s8 Two Saviors,2010-06-24,2010,6,10442.0,1,19
167,167,Planetary Devastation,Manga Canon,2010,9.2,1252,s8 Two Saviors,2010-07-01,2010,7,11518.4,1,19
168,168,Fourth Hokage,Manga Canon,2010,9.2,1174,s8 Two Saviors,2010-07-15,2010,7,10800.8,1,19
169,169,The Two Students,Manga Canon,2010,8.5,421,s8 Two Saviors,2010-07-22,2010,7,3578.5,1,19
170,170,"Big Adventure! The Quest for the Fourth Hokage's Legacy, Part 1",Filler,2010,6.1,232,s8 Two Saviors,2010-07-29,2010,7,1415.1999999999998,0,19
171,171,"Big Adventure! The Quest for the Fourth Hokage's Legacy, Part 2",Filler,2010,6.0,230,s8 Two Saviors,2010-07-29,2010,7,1380.0,0,19
172,172,Meeting,Manga Canon,2010,8.0,346,s8 Two Saviors,2010-08-05,2010,8,2768.0,1,19
173,173,Origin of Pain,Manga Canon,2010,8.5,402,s8 Two Saviors,2010-08-12,2010,8,3417.0,1,19
174,174,Tale of Naruto Uzumaki,Manga Canon,2010,8.5,516,s8 Two Saviors,2010-08-19,2010,8,4386.0,1,19
175,175,Hero of the Hidden Leaf,Manga Canon,2010,9.0,1075,s8 Two Saviors,2010-08-26,2010,8,9675.0,1,19
176,176,Rookie Instructor Iruka,Filler,2010,6.9,237,s9 The Locus Of Konoha,2010-09-02,2010,9,1635.3000000000002,0,20
177,177,Iruka's Ordeal,Filler,2010,6.7,225,s9 The Locus Of Konoha,2010-09-09,2010,9,1507.5,0,20
178,178,Iruka's Decision,Filler,2010,6.8,225,s9 The Locus Of Konoha,2010-09-16,2010,9,1530.0,0,20
179,179,"Kakashi Hatake, the Jonin in Charge",Filler,2010,6.6,228,s9 The Locus Of Konoha,2010-09-30,2010,9,1504.8,0,20
180,180,Inari's Courage Put to the Test,Filler,2010,5.9,223,s9 The Locus Of Konoha,2010-10-07,2010,10,1315.7,0,20
181,181,Naruto's School of Revenge,Filler,2010,5.8,220,s9 The Locus Of Konoha,2010-10-14,2010,10,1276.0,0,20
182,182,Gaara's Bond,Filler,2010,6.5,219,s9 The Locus Of Konoha,2010-10-21,2010,10,1423.5,0,20
183,183,Naruto: Outbreak,Filler,2010,5.9,214,s9 The Locus Of Konoha,2010-10-28,2010,10,1262.6000000000001,0,20
184,184,Deploy! Team Tenten,Filler,2010,5.9,207,s9 The Locus Of Konoha,2010-11-04,2010,11,1221.3000000000002,0,20
185,185,Animal District,Filler,2010,5.3,225,s9 The Locus Of Konoha,2010-11-11,2010,11,1192.5,0,20
186,186,"Ah, the Medicine of Youth",Filler,2010,5.9,209,s9 The Locus Of Konoha,2010-11-18,2010,11,1233.1000000000001,0,20
187,187,Gutsy Master and Student: The Training,Filler,2010,6.1,210,s9 The Locus Of Konoha,2010-11-25,2010,11,1281.0,0,20
188,188,Record of the Gutsy Ninja Master and Student,Filler,2010,6.1,205,s9 The Locus Of Konoha,2010-11-25,2010,11,1250.5,0,20
189,189,Sasuke's Paw Encyclopedia,Filler,2010,5.7,209,s9 The Locus Of Konoha,2010-12-02,2010,12,1191.3,0,20
190,190,Naruto and the Old Soldier,Filler,2010,6.2,214,s9 The Locus Of Konoha,2010-12-09,2010,12,1326.8,0,20
191,191,Kakashi Love Song,Filler,2010,6.3,210,s9 The Locus Of Konoha,2010-12-16,2010,12,1323.0,0,20
192,192,Neji Chronicles,Filler,2010,5.9,208,s9 The Locus Of Konoha,2010-12-23,2010,12,1227.2,0,20
193,193,The Man Who Died Twice,Filler,2011,6.1,206,s9 The Locus Of Konoha,2011-01-06,2011,1,1256.6,0,20
194,194,The Worst Three-Legged Race,Filler,2011,6.2,215,s9 The Locus Of Konoha,2011-01-13,2011,1,1333.0,0,20
195,195,Team 10's Teamwork,Filler,2011,5.8,208,s9 The Locus Of Konoha,2011-01-20,2011,1,1206.3999999999999,0,20
196,196,Drive Towards Darkness,Filler,2011,5.9,210,s9 The Locus Of Konoha,2011-01-27,2011,1,1239.0,0,20
197,197,The Sixth Hokage Danzo,Manga Canon,2011,7.5,306,s10 The Gathering of the Five Kage,2011-02-10,2011,2,2295.0,1,1
198,198,Five Kage Summit's Eve,Manga Canon,2011,7.6,299,s10 The Gathering of the Five Kage,2011-02-10,2011,2,2272.4,1,1
199,199,Enter the Five Kage!,Manga Canon,2011,7.5,298,s10 The Gathering of the Five Kage,2011-02-17,2011,2,2235.0,1,1
200,200,Naruto's Plea,Manga Canon,2011,7.7,308,s10 The Gathering of the Five Kage,2011-02-24,2011,2,2371.6,1,1
201,201,Painful Decision,Manga Canon,2011,8.0,316,s10 The Gathering of the Five Kage,2011-03-03,2011,3,2528.0,1,1
202,202,Racing Lightning,Manga Canon,2011,8.2,321,s10 The Gathering of the Five Kage,2011-03-10,2011,3,2632.2,1,1
203,203,Sasuke's Ninja Way,Manga Canon,2011,8.4,341,s10 The Gathering of the Five Kage,2011-03-17,2011,3,2864.4,1,1
204,204,Power of the Five Kage,Manga Canon,2011,8.3,324,s10 The Gathering of the Five Kage,2011-03-24,2011,3,2689.2000000000003,1,1
205,205,Declaration of War,Manga Canon,2011,8.3,322,s10 The Gathering of the Five Kage,2011-03-31,2011,3,2672.6000000000004,1,1
206,206,Sakura's Feelings,Manga Canon,2011,7.3,323,s10 The Gathering of the Five Kage,2011-04-07,2011,4,2357.9,1,1
207,207,The Tailed Beast vs. The Tailless Tailed Beast,Manga Canon,2011,8.3,325,s10 The Gathering of the Five Kage,2011-04-14,2011,4,2697.5000000000005,1,1
208,208,As One's Friend,Manga Canon,2011,7.7,308,s10 The Gathering of the Five Kage,2011-04-21,2011,4,2371.6,1,1
209,209,Danzo's Right Arm,Manga Canon,2011,8.5,373,s10 The Gathering of the Five Kage,2011-04-28,2011,4,3170.5,1,1
210,210,The Forbidden Visual Jutsu,Manga Canon,2011,8.4,364,s10 The Gathering of the Five Kage,2011-05-05,2011,5,3057.6,1,1
211,211,Danzo Shimura,Manga Canon,2011,8.4,520,s10 The Gathering of the Five Kage,2011-05-12,2011,5,4368.0,1,1
212,212,Sakura's Resolve,Manga Canon,2011,6.9,288,s10 The Gathering of the Five Kage,2011-05-19,2011,5,1987.2,1,1
213,213,Lost Bonds,Mixed Canon/Filler,2011,6.3,287,s10 The Gathering of the Five Kage,2011-05-26,2011,5,1808.1,2,1
214,214,The Burden,Manga Canon,2011,7.1,292,s10 The Gathering of the Five Kage,2011-06-02,2011,6,2073.2,1,1
215,215,Two Fates,Manga Canon,2011,7.4,297,s10 The Gathering of the Five Kage,2011-06-09,2011,6,2197.8,1,1
216,216,High-Level Shinobi,Manga Canon,2011,7.6,313,s10 The Gathering of the Five Kage,2011-06-16,2011,6,2378.7999999999997,1,1
217,217,The Infiltrator,Manga Canon,2011,7.5,292,s10 The Gathering of the Five Kage,2011-06-23,2011,6,2190.0,1,1
218,218,The Five Great Nations Mobilize,Manga Canon,2011,7.2,292,s10 The Gathering of the Five Kage,2011-06-30,2011,6,2102.4,1,1
219,219,"Kakashi Hatake, The Hokage",Manga Canon,2011,8.1,330,s10 The Gathering of the Five Kage,2011-07-07,2011,7,2673.0,1,1
220,220,Prophecy of the Great Lord Elder,Manga Canon,2011,7.3,286,s10 The Gathering of the Five Kage,2011-07-21,2011,7,2087.7999999999997,1,1
221,221,Storage,Manga Canon,2011,7.9,299,s10 The Gathering of the Five Kage,2011-07-28,2011,7,2362.1,1,1
222,222,The Five Kage's Decision,Manga Canon,2011,7.2,278,s11 Paradise On The Ship,2011-07-28,2011,7,2001.6000000000001,1,2
223,223,The Young Man and the Sea,Filler,2011,5.8,218,s11 Paradise On The Ship,2011-08-04,2011,8,1264.3999999999999,0,2
224,224,The Ninja of Benisu,Filler,2011,5.6,210,s11 Paradise On The Ship,2011-08-11,2011,8,1176.0,0,2
225,225,The Cursed Ghost Ship,Filler,2011,5.4,212,s11 Paradise On The Ship,2011-08-18,2011,8,1144.8000000000002,0,2
226,226,Battleship Island,Filler,2011,5.2,235,s11 Paradise On The Ship,2011-08-25,2011,8,1222.0,0,2
227,227,The Forgotten Island,Filler,2011,5.4,211,s11 Paradise On The Ship,2011-09-01,2011,9,1139.4,0,2
228,228,Fight! Rock Lee!,Filler,2011,5.5,209,s11 Paradise On The Ship,2011-09-08,2011,9,1149.5,0,2
229,229,Eat or Die! Mushrooms from Hell,Filler,2011,5.3,213,s11 Paradise On The Ship,2011-09-22,2011,9,1128.8999999999999,0,2
230,230,Revenge of the Shadow Clones,Filler,2011,5.5,206,s11 Paradise On The Ship,2011-09-29,2011,9,1133.0,0,2
231,231,The Closed Route,Filler,2011,5.5,206,s11 Paradise On The Ship,2011-10-06,2011,10,1133.0,0,2
232,232,The Girls Get-Together,Filler,2011,6.5,209,s11 Paradise On The Ship,2011-10-13,2011,10,1358.5,0,2
233,233,Naruto's Imposter,Filler,2011,5.5,203,s11 Paradise On The Ship,2011-10-20,2011,10,1116.5,0,2
234,234,Naruto's Favorite Student,Filler,2011,6.3,216,s11 Paradise On The Ship,2011-10-27,2011,10,1360.8,0,2
235,235,The Kunoichi of Nadeshiko Village,Filler,2011,5.8,206,s11 Paradise On The Ship,2011-11-03,2011,11,1194.8,0,2
236,236,Friends You Can Count On,Filler,2011,5.9,200,s11 Paradise On The Ship,2011-11-10,2011,11,1180.0,0,2
237,237,"Ah, My Hero Lady Tsunade!",Filler,2011,6.1,199,s11 Paradise On The Ship,2011-11-24,2011,11,1213.8999999999999,0,2
238,238,Sai's Day Off,Filler,2011,5.9,201,s11 Paradise On The Ship,2011-12-01,2011,12,1185.9,0,2
239,239,The Legendary Ino-Shika-Cho Trio,Filler,2011,6.1,204,s11 Paradise On The Ship,2011-12-08,2011,12,1244.3999999999999,0,2
240,240,Kiba's Determination,Filler,2011,5.8,203,s11 Paradise On The Ship,2011-12-15,2011,12,1177.3999999999999,0,2
241,241,"Kakashi, My Eternal Rival!",Filler,2011,6.7,216,s11 Paradise On The Ship,2011-12-22,2011,12,1447.2,0,2
242,242,Naruto's Vow,Filler,2011,6.4,206,s11 Paradise On The Ship,2011-12-28,2011,12,1318.4,0,2
243,243,Land Ahoy! Is This the Island of Paradise?,Manga Canon,2012,7.1,288,s12 Nine-Tailed Fox Taming And Karmic Encounters,2012-01-05,2012,1,2044.8,1,3
244,244,Killer Bee and Motoi,Manga Canon,2012,7.0,295,s12 Nine-Tailed Fox Taming And Karmic Encounters,2012-01-12,2012,1,2065.0,1,3
245,245,The Next Challenge! Naruto vs. The Nine Tails!!,Manga Canon,2012,8.2,347,s12 Nine-Tailed Fox Taming And Karmic Encounters,2012-01-19,2012,1,2845.3999999999996,1,3
246,246,The Orange Spark,Manga Canon,2012,8.3,621,s12 Nine-Tailed Fox Taming And Karmic Encounters,2012-01-26,2012,1,5154.3,1,3
247,247,Target: Nine Tails,Manga Canon,2012,8.3,619,s12 Nine-Tailed Fox Taming And Karmic Encounters,2012-02-02,2012,2,5137.700000000001,1,3
248,248,The Fourth Hokage's Death Match,Manga Canon,2012,9.2,1134,s12 Nine-Tailed Fox Taming And Karmic Encounters,2012-02-09,2012,2,10432.8,1,3
249,249,Thank You,Manga Canon,2012,9.3,1356,s12 Nine-Tailed Fox Taming And Karmic Encounters,2012-02-09,2012,2,12610.800000000001,1,3
250,250,Battle in Paradise! the Odd Beast vs. the Monster!,Manga Canon,2012,8.0,327,s12 Nine-Tailed Fox Taming And Karmic Encounters,2012-02-16,2012,2,2616.0,1,3
251,251,The Man Named Kisame,Manga Canon,2012,8.4,347,s12 Nine-Tailed Fox Taming And Karmic Encounters,2012-02-23,2012,2,2914.8,1,3
252,252,The Angelic Herald of Death,Manga Canon,2012,8.1,340,s12 Nine-Tailed Fox Taming And Karmic Encounters,2012-03-01,2012,3,2754.0,1,3
253,253,The Bridge to Peace,Manga Canon,2012,8.5,459,s12 Nine-Tailed Fox Taming And Karmic Encounters,2012-03-08,2012,3,3901.5,1,3
254,254,The Super Secret S-Rank Mission,Mixed Canon/Filler,2012,6.8,268,s12 Nine-Tailed Fox Taming And Karmic Encounters,2012-03-15,2012,3,1822.3999999999999,2,3
255,255,The Artist Returns,Manga Canon,2012,7.5,281,s12 Nine-Tailed Fox Taming And Karmic Encounters,2012-03-22,2012,3,2107.5,1,3
256,256,Assemble! Allied Shinobi Forces!,Manga Canon,2012,8.4,384,s12 Nine-Tailed Fox Taming And Karmic Encounters,2012-03-29,2012,3,3225.6000000000004,1,3
257,257,Meeting,Filler,2012,6.1,206,s12 Nine-Tailed Fox Taming And Karmic Encounters,2012-04-05,2012,4,1256.6,0,3
258,258,Rivals,Filler,2012,5.7,197,s12 Nine-Tailed Fox Taming And Karmic Encounters,2012-04-12,2012,4,1122.9,0,3
259,259,Rift,Filler,2012,5.6,201,s12 Nine-Tailed Fox Taming And Karmic Encounters,2012-04-19,2012,4,1125.6,0,3
260,260,Parting,Filler,2012,6.0,197,s12 Nine-Tailed Fox Taming And Karmic Encounters,2012-04-26,2012,4,1182.0,0,3
261,261,For My Friend,Manga Canon,2012,7.7,312,s12 Nine-Tailed Fox Taming And Karmic Encounters,2012-05-03,2012,5,2402.4,1,3
262,262,War Begins!,Manga Canon,2012,8.2,303,s12 Nine-Tailed Fox Taming And Karmic Encounters,2012-05-10,2012,5,2484.6,1,3
263,263,Sai and Shin,Manga Canon,2012,7.9,291,s12 Nine-Tailed Fox Taming And Karmic Encounters,2012-05-17,2012,5,2298.9,1,3
264,264,Secrets of the Reanimation Jutsu,Manga Canon,2012,7.8,283,s12 Nine-Tailed Fox Taming And Karmic Encounters,2012-05-24,2012,5,2207.4,1,3
265,265,An Old Nemesis Returns,Manga Canon,2012,7.9,294,s12 Nine-Tailed Fox Taming And Karmic Encounters,2012-05-31,2012,5,2322.6,1,3
266,266,The First and Last Opponent,Manga Canon,2012,8.1,299,s12 Nine-Tailed Fox Taming And Karmic Encounters,2012-06-07,2012,6,2421.9,1,3
267,267,The Brilliant Military Advisor of the Hidden Leaf,Manga Canon,2012,7.5,268,s12 Nine-Tailed Fox Taming And Karmic Encounters,2012-06-21,2012,6,2010.0,1,3
268,268,Battleground!,Manga Canon,2012,7.6,271,s12 Nine-Tailed Fox Taming And Karmic Encounters,2012-06-28,2012,6,2059.6,1,3
269,269,Forbidden Words,Manga Canon,2012,7.8,272,s12 Nine-Tailed Fox Taming And Karmic Encounters,2012-07-05,2012,7,2121.6,1,3
270,270,Golden Bonds,Manga Canon,2012,7.9,276,s12 Nine-Tailed Fox Taming And Karmic Encounters,2012-07-19,2012,7,2180.4,1,3
271,271,Road to Sakura,Filler,2012,5.7,218,s12 Nine-Tailed Fox Taming And Karmic Encounters,2012-07-26,2012,7,1242.6000000000001,0,3
272,272,Mifune vs. Hanzo,Manga Canon,2012,7.8,295,s12 Nine-Tailed Fox Taming And Karmic Encounters,2012-08-02,2012,8,2301.0,1,3
273,273,True Kindness,Manga Canon,2012,7.3,268,s12 Nine-Tailed Fox Taming And Karmic Encounters,2012-08-09,2012,8,1956.3999999999999,1,3
274,274,The Complete Ino-Shika-Cho Formation!,Manga Canon,2012,7.5,277,s12 Nine-Tailed Fox Taming And Karmic Encounters,2012-08-09,2012,8,2077.5,1,3
275,275,A Message from the Heart,Manga Canon,2012,8.0,294,s12 Nine-Tailed Fox Taming And Karmic Encounters,2012-08-16,2012,8,2352.0,1,3
276,276,Attack of the Gedo Statue,Manga Canon,2012,7.8,270,s13 The Seven Shinobi Swordsmen,2012-08-23,2012,8,2106.0,1,4
277,277,Unison Sign,Manga Canon,2012,7.4,266,s13 The Seven Shinobi Swordsmen,2012-08-30,2012,8,1968.4,1,4
278,278,Medic Ninja in Danger,Manga Canon,2012,7.4,262,s13 The Seven Shinobi Swordsmen,2012-09-06,2012,9,1938.8000000000002,1,4
279,279,White Zetsu's Trap,Filler,2012,7.0,206,s13 The Seven Shinobi Swordsmen,2012-09-13,2012,9,1442.0,0,4
280,280,Aesthetics of an Artist,Filler,2012,6.7,201,s13 The Seven Shinobi Swordsmen,2012-09-20,2012,9,1346.7,0,4
281,281,The Allied Mom Force!,Filler,2012,5.3,195,s13 The Seven Shinobi Swordsmen,2012-09-27,2012,9,1033.5,0,4
282,282,The Secret Origin of the Ultimate Tag Team!,Manga Canon,2012,7.7,265,s13 The Seven Shinobi Swordsmen,2012-10-04,2012,10,2040.5,1,4
283,283,Two Suns,Manga Canon,2012,8.1,292,s13 The Seven Shinobi Swordsmen,2012-10-11,2012,10,2365.2,1,4
284,284,Helmet Splitter: Jinin Akebino!,Filler,2012,7.2,202,s13 The Seven Shinobi Swordsmen,2012-10-18,2012,10,1454.4,0,4
285,285,User of the Scorch Style: Pakura of the Sand!,Filler,2012,6.6,193,s13 The Seven Shinobi Swordsmen,2012-10-25,2012,10,1273.8,0,4
286,286,Things You Can't Get Back,Filler,2012,6.4,185,s13 The Seven Shinobi Swordsmen,2012-11-01,2012,11,1184.0,0,4
287,287,One Worth Betting On,Filler,2012,6.2,187,s13 The Seven Shinobi Swordsmen,2012-11-01,2012,11,1159.4,0,4
288,288,Danger: Jinpachi and Kushimaru!,Filler,2012,6.6,199,s13 The Seven Shinobi Swordsmen,2012-11-08,2012,11,1313.3999999999999,0,4
289,289,The Lightning Blade: Ameyuri Ringo!,Filler,2012,6.7,199,s13 The Seven Shinobi Swordsmen,2012-11-15,2012,11,1333.3,0,4
290,290,Power: Episode 1,Filler,2012,6.6,211,s13 The Seven Shinobi Swordsmen,2012-11-22,2012,11,1392.6,0,4
291,291,Power: Episode 2,Filler,2012,6.4,201,s13 The Seven Shinobi Swordsmen,2012-11-29,2012,11,1286.4,0,4
292,292,Power: Episode 3,Filler,2012,6.8,208,s13 The Seven Shinobi Swordsmen,2012-12-06,2012,12,1414.3999999999999,0,4
293,293,Power: Episode 4,Filler,2012,6.4,202,s13 The Seven Shinobi Swordsmen,2012-12-13,2012,12,1292.8000000000002,0,4
294,294,Power: Episode 5,Filler,2012,6.7,204,s13 The Seven Shinobi Swordsmen,2012-12-20,2012,12,1366.8,0,4
295,295,Power: Episode Final,Filler,2013,7.1,224,s13 The Seven Shinobi Swordsmen,2013-01-10,2013,1,1590.3999999999999,0,4
296,296,Naruto Enters the Battle,Manga Canon,2013,7.7,311,s14 The Fourth Great Ninja War - Assailants From Afar,2013-01-17,2013,1,2394.7000000000003,1,5
297,297,"A Father's Hope, a Mother's Love",Manga Canon,2013,8.3,350,s14 The Fourth Great Ninja War - Assailants From Afar,2013-01-24,2013,1,2905.0000000000005,1,5
298,298,Contact! Naruto vs. Itachi,Manga Canon,2013,8.3,603,s14 The Fourth Great Ninja War - Assailants From Afar,2013-01-31,2013,1,5004.900000000001,1,5
299,299,The Acknowledged One,Manga Canon,2013,8.5,384,s14 The Fourth Great Ninja War - Assailants From Afar,2013-02-07,2013,2,3264.0,1,5
300,300,"The Mizukage, the Giant Clam, and the Mirage",Manga Canon,2013,8.0,295,s14 The Fourth Great Ninja War - Assailants From Afar,2013-02-14,2013,2,2360.0,1,5
301,301,Paradox,Manga Canon,2013,8.2,308,s14 The Fourth Great Ninja War - Assailants From Afar,2013-02-21,2013,2,2525.6,1,5
302,302,Terror! the Steam Imp,Manga Canon,2013,7.7,267,s14 The Fourth Great Ninja War - Assailants From Afar,2013-02-28,2013,2,2055.9,1,5
303,303,Ghosts from the Past,Filler,2013,6.7,202,s14 The Fourth Great Ninja War - Assailants From Afar,2013-03-07,2013,3,1353.4,0,5
304,304,The Underworld Transfer Jutsu,Filler,2013,6.3,199,s14 The Fourth Great Ninja War - Assailants From Afar,2013-03-14,2013,3,1253.7,0,5
305,305,The Vengeful,Filler,2013,6.5,194,s14 The Fourth Great Ninja War - Assailants From Afar,2013-03-21,2013,3,1261.0,0,5
306,306,The Heart's Eye,Filler,2013,6.2,195,s14 The Fourth Great Ninja War - Assailants From Afar,2013-03-28,2013,3,1209.0,0,5
307,307,Fade Into the Moonlight,Filler,2013,6.4,205,s14 The Fourth Great Ninja War - Assailants From Afar,2013-04-04,2013,4,1312.0,0,5
308,308,Crescent Moon Night,Filler,2013,6.3,194,s14 The Fourth Great Ninja War - Assailants From Afar,2013-04-11,2013,4,1222.2,0,5
309,309,The A-Rank Mission: Food Fight!,Filler,2013,5.5,186,s14 The Fourth Great Ninja War - Assailants From Afar,2013-04-18,2013,4,1023.0,0,5
310,310,The Fallen Castle,Filler,2013,5.7,181,s14 The Fourth Great Ninja War - Assailants From Afar,2013-04-25,2013,4,1031.7,0,5
311,311,Prologue of Road to Ninja,Filler,2013,7.5,244,s14 The Fourth Great Ninja War - Assailants From Afar,2013-05-02,2013,5,1830.0,0,5
312,312,The Old Master and the Dragon's Eye,Filler,2013,5.5,188,s14 The Fourth Great Ninja War - Assailants From Afar,2013-05-09,2013,5,1034.0,0,5
313,313,"Rain Followed by Snow, with Some Lightning",Filler,2013,5.1,206,s14 The Fourth Great Ninja War - Assailants From Afar,2013-05-16,2013,5,1050.6,0,5
314,314,The Sad Sun Shower,Filler,2013,5.2,188,s14 The Fourth Great Ninja War - Assailants From Afar,2013-05-23,2013,5,977.6,0,5
315,315,Lingering Snow,Filler,2013,5.8,185,s14 The Fourth Great Ninja War - Assailants From Afar,2013-05-30,2013,5,1073.0,0,5
316,316,The Reanimated Allied Forces,Filler,2013,6.2,192,s14 The Fourth Great Ninja War - Assailants From Afar,2013-06-06,2013,6,1190.4,0,5
317,317,Shino vs. Torune,Filler,2013,6.6,193,s14 The Fourth Great Ninja War - Assailants From Afar,2013-06-13,2013,6,1273.8,0,5
318,318,A Hole in the Heart: the Other Jinchuriki,Filler,2013,6.2,187,s14 The Fourth Great Ninja War - Assailants From Afar,2013-06-20,2013,6,1159.4,0,5
319,319,The Soul Living Inside the Puppet,Filler,2013,6.7,196,s14 The Fourth Great Ninja War - Assailants From Afar,2013-06-27,2013,6,1313.2,0,5
320,320,"Run, Omoi!",Filler,2013,6.4,202,s14 The Fourth Great Ninja War - Assailants From Afar,2013-07-04,2013,7,1292.8000000000002,0,5
321,321,Reinforcements Arrive,Manga Canon,2013,8.1,309,s15 The Fourth Great Ninja War - Sasuke And Itachi,2013-07-18,2013,7,2502.9,1,6
322,322,Madara Uchiha,Manga Canon,2013,9.3,1600,s15 The Fourth Great Ninja War - Sasuke And Itachi,2013-07-25,2013,7,14880.000000000002,1,6
323,323,The Five Kage Assemble,Manga Canon,2013,8.3,548,s15 The Fourth Great Ninja War - Sasuke And Itachi,2013-08-01,2013,8,4548.400000000001,1,6
324,324,The Unbreakable Mask and the Shattered Bubble,Mixed Canon/Filler,2013,7.8,290,s15 The Fourth Great Ninja War - Sasuke And Itachi,2013-08-08,2013,8,2262.0,2,6
325,325,Jinchuriki vs. Jinchuriki!,Manga Canon,2013,8.1,296,s15 The Fourth Great Ninja War - Sasuke And Itachi,2013-08-15,2013,8,2397.6,1,6
326,326,"Four Tails, the King of Sage Monkeys",Manga Canon,2013,8.3,299,s15 The Fourth Great Ninja War - Sasuke And Itachi,2013-08-22,2013,8,2481.7000000000003,1,6
327,327,Nine Tails,Mixed Canon/Filler,2013,7.2,292,s15 The Fourth Great Ninja War - Sasuke And Itachi,2013-08-29,2013,8,2102.4,2,6
328,328,Kurama,Mixed Canon/Filler,2013,7.9,327,s15 The Fourth Great Ninja War - Sasuke And Itachi,2013-08-29,2013,8,2583.3,2,6
329,329,Two-Man Team,Manga Canon,2013,8.5,736,s15 The Fourth Great Ninja War - Sasuke And Itachi,2013-09-05,2013,9,6256.0,1,6
330,330,Promise of Victory,Mixed Canon/Filler,2013,7.7,277,s15 The Fourth Great Ninja War - Sasuke And Itachi,2013-09-12,2013,9,2132.9,2,6
331,331,Eyes That See in the Dark,Mixed Canon/Filler,2013,7.0,265,s15 The Fourth Great Ninja War - Sasuke And Itachi,2013-09-19,2013,9,1855.0,2,6
332,332,The Will of Stone,Manga Canon,2013,8.2,295,s15 The Fourth Great Ninja War - Sasuke And Itachi,2013-09-26,2013,9,2419.0,1,6
333,333,The Risks of the Reanimation Jutsu,Manga Canon,2013,8.4,309,s15 The Fourth Great Ninja War - Sasuke And Itachi,2013-10-03,2013,10,2595.6,1,6
334,334,Sibling Tag Team,Manga Canon,2013,8.3,307,s15 The Fourth Great Ninja War - Sasuke And Itachi,2013-10-10,2013,10,2548.1000000000004,1,6
335,335,To Each Their Own Leaf,Manga Canon,2013,7.7,280,s15 The Fourth Great Ninja War - Sasuke And Itachi,2013-10-24,2013,10,2156.0,1,6
336,336,Kabuto Yakushi,Manga Canon,2013,7.7,282,s15 The Fourth Great Ninja War - Sasuke And Itachi,2013-10-31,2013,10,2171.4,1,6
337,337,The Izanami Activated,Manga Canon,2013,8.2,314,s15 The Fourth Great Ninja War - Sasuke And Itachi,2013-11-07,2013,11,2574.7999999999997,1,6
338,338,Izanagi and Izanami,Mixed Canon/Filler,2013,8.2,318,s15 The Fourth Great Ninja War - Sasuke And Itachi,2013-11-14,2013,11,2607.6,2,6
339,339,I Will Love You Always,Manga Canon,2013,9.1,1188,s15 The Fourth Great Ninja War - Sasuke And Itachi,2013-11-21,2013,11,10810.8,1,6
340,340,"Reanimation Jutsu, Release!",Manga Canon,2013,8.3,317,s15 The Fourth Great Ninja War - Sasuke And Itachi,2013-11-28,2013,11,2631.1000000000004,1,6
341,341,Orochimaru's Return,Manga Canon,2013,8.0,293,s15 The Fourth Great Ninja War - Sasuke And Itachi,2013-12-05,2013,12,2344.0,1,6
342,342,Secret of the Transportation Technique,Manga Canon,2013,8.5,358,s15 The Fourth Great Ninja War - Sasuke And Itachi,2013-12-12,2013,12,3043.0,1,6
343,343,Who Are You?,Manga Canon,2013,8.5,660,s15 The Fourth Great Ninja War - Sasuke And Itachi,2013-12-19,2013,12,5610.0,1,6
344,344,Obito and Madara,Manga Canon,2014,8.3,583,s15 The Fourth Great Ninja War - Sasuke And Itachi,2014-01-09,2014,1,4838.900000000001,1,6
345,345,I'm in Hell,Manga Canon,2014,9.2,1227,s15 The Fourth Great Ninja War - Sasuke And Itachi,2014-01-16,2014,1,11288.4,1,6
346,346,World of Dreams,Mixed Canon/Filler,2014,8.3,309,s15 The Fourth Great Ninja War - Sasuke And Itachi,2014-01-23,2014,1,2564.7000000000003,2,6
347,347,Creeping Shadow,Filler,2014,7.7,255,s15 The Fourth Great Ninja War - Sasuke And Itachi,2014-01-23,2014,1,1963.5,0,6
348,348,The New Akatsuki,Filler,2014,8.2,270,s15 The Fourth Great Ninja War - Sasuke And Itachi,2014-01-30,2014,1,2214.0,0,6
349,349,Kakashi: Shadow of the ANBU Black Ops  A Mask That Hides the Heart,Filler,2014,7.8,239,s16 Kakashi: Shadow Of The Anbu Black Ops,2014-02-06,2014,2,1864.2,0,7
350,350,Kakashi: Shadow of the ANBU Black Ops  Minato's Death,Filler,2014,8.0,261,s16 Kakashi: Shadow Of The Anbu Black Ops,2014-02-13,2014,2,2088.0,0,7
351,351,Kakashi: Shadow of the ANBU Black Ops: Hashirama's Cells,Filler,2014,7.3,210,s16 Kakashi: Shadow Of The Anbu Black Ops,2014-02-20,2014,2,1533.0,0,7
352,352,Kakashi: Shadow of the ANBU Black Ops: The Rogue Ninja Orochimaru,Filler,2014,7.0,210,s16 Kakashi: Shadow Of The Anbu Black Ops,2014-02-27,2014,2,1470.0,0,7
353,353,Kakashi: Shadow of the ANBU Black Ops  Orochimaru's Test Subjects,Filler,2014,6.9,200,s16 Kakashi: Shadow Of The Anbu Black Ops,2014-03-06,2014,3,1380.0,0,7
354,354,Kakashi: Shadow of the ANBU Black Ops  Their Own Paths,Filler,2014,7.0,200,s16 Kakashi: Shadow Of The Anbu Black Ops,2014-03-06,2014,3,1400.0,0,7
355,355,Kakashi: Shadow of the ANBU Black Ops  the Targeted Sharingan,Filler,2014,7.2,210,s16 Kakashi: Shadow Of The Anbu Black Ops,2014-03-13,2014,3,1512.0,0,7
356,356,Kakashi: Shadow of the ANBU Black Ops  a Shinobi of the Leaf,Filler,2014,7.3,212,s16 Kakashi: Shadow Of The Anbu Black Ops,2014-03-20,2014,3,1547.6,0,7
357,357,Kakashi: Shadow of the ANBU Black Ops  an Uchiha ANBU,Filler,2014,7.7,232,s16 Kakashi: Shadow Of The Anbu Black Ops,2014-04-03,2014,4,1786.4,0,7
358,358,Kakashi: Shadow of the ANBU Black Ops  Coup D'État,Filler,2014,8.3,297,s16 Kakashi: Shadow Of The Anbu Black Ops,2014-04-10,2014,4,2465.1000000000004,0,7
359,359,Kakashi: Shadow of the ANBU Black Ops  the Night of the Tragedy,Filler,2014,8.1,252,s16 Kakashi: Shadow Of The Anbu Black Ops,2014-04-17,2014,4,2041.1999999999998,0,7
360,360,Kakashi: Shadow of the ANBU Black Ops  Jonin Leader,Filler,2014,7.6,222,s16 Kakashi: Shadow Of The Anbu Black Ops,2014-04-24,2014,4,1687.1999999999998,0,7
361,361,Kakashi: Shadow of the ANBU Black Ops  Squad Seven,Filler,2014,8.0,258,s16 Kakashi: Shadow Of The Anbu Black Ops,2014-05-08,2014,5,2064.0,0,7
362,362,Kakashi's Resolve,Mixed Canon/Filler,2014,8.2,497,s17 The Fourth Great Ninja War - The Return Of Squad Seven,2014-05-15,2014,5,4075.3999999999996,2,8
363,363,The Allied Shinobi Forces Jutsu,Manga Canon,2014,8.5,628,s17 The Fourth Great Ninja War - The Return Of Squad Seven,2014-05-22,2014,5,5338.0,1,8
364,364,The Ties That Bind,Manga Canon,2014,9.0,1048,s17 The Fourth Great Ninja War - The Return Of Squad Seven,2014-06-05,2014,6,9432.0,1,8
365,365,Those Who Dance in the Shadows,Manga Canon,2014,8.6,676,s17 The Fourth Great Ninja War - The Return Of Squad Seven,2014-06-12,2014,6,5813.599999999999,1,8
366,366,The All-Knowing,Manga Canon,2014,8.8,833,s17 The Fourth Great Ninja War - The Return Of Squad Seven,2014-06-19,2014,6,7330.400000000001,1,8
367,367,Hashirama and Madara,Manga Canon,2014,8.2,491,s17 The Fourth Great Ninja War - The Return Of Squad Seven,2014-07-03,2014,7,4026.2,1,8
368,368,Era of Warring States,Manga Canon,2014,8.4,572,s17 The Fourth Great Ninja War - The Return Of Squad Seven,2014-07-10,2014,7,4804.8,1,8
369,369,My True Dream,Manga Canon,2014,8.3,524,s17 The Fourth Great Ninja War - The Return Of Squad Seven,2014-07-24,2014,7,4349.200000000001,1,8
370,370,Sasuke's Answer,Manga Canon,2014,8.4,567,s17 The Fourth Great Ninja War - The Return Of Squad Seven,2014-07-31,2014,7,4762.8,1,8
371,371,Hole,Manga Canon,2014,8.5,361,s17 The Fourth Great Ninja War - The Return Of Squad Seven,2014-08-07,2014,8,3068.5,1,8
372,372,Something to Fill the Hole,Manga Canon,2014,8.8,899,s17 The Fourth Great Ninja War - The Return Of Squad Seven,2014-08-14,2014,8,7911.200000000001,1,8
373,373,"Team 7, Assemble!",Manga Canon,2014,8.2,499,s18 The Fourth Great Ninja War - Obito Uchiha Against The Shinobi Forces,2014-08-21,2014,8,4091.7999999999997,1,9
374,374,The New Three-Way Deadlock,Manga Canon,2014,8.3,439,s18 The Fourth Great Ninja War - Obito Uchiha Against The Shinobi Forces,2014-08-28,2014,8,3643.7000000000003,1,9
375,375,Kakashi vs. Obito,Manga Canon,2014,9.3,1732,s18 The Fourth Great Ninja War - Obito Uchiha Against The Shinobi Forces,2014-09-04,2014,9,16107.6,1,9
376,376,The Directive to Take the Nine Tails,Filler,2014,4.6,260,s18 The Fourth Great Ninja War - Obito Uchiha Against The Shinobi Forces,2014-09-11,2014,9,1196.0,0,9
377,377,Naruto vs. Mecha Naruto,Filler,2014,4.2,348,s18 The Fourth Great Ninja War - Obito Uchiha Against The Shinobi Forces,2014-09-11,2014,9,1461.6000000000001,0,9
378,378,The Ten Tails' Jinchuriki,Manga Canon,2014,8.2,446,s18 The Fourth Great Ninja War - Obito Uchiha Against The Shinobi Forces,2014-09-18,2014,9,3657.2,1,9
379,379,An Opening,Manga Canon,2014,8.4,548,s18 The Fourth Great Ninja War - Obito Uchiha Against The Shinobi Forces,2014-09-25,2014,9,4603.2,1,9
380,380,The Day Naruto Was Born,Manga Canon,2014,8.2,496,s18 The Fourth Great Ninja War - Obito Uchiha Against The Shinobi Forces,2014-10-02,2014,10,4067.2,1,9
381,381,The Divine Tree,Manga Canon,2014,8.2,535,s18 The Fourth Great Ninja War - Obito Uchiha Against The Shinobi Forces,2014-10-09,2014,10,4387.0,1,9
382,382,A Shinobi's Dream,Manga Canon,2014,8.2,436,s18 The Fourth Great Ninja War - Obito Uchiha Against The Shinobi Forces,2014-10-16,2014,10,3575.2,1,9
383,383,Pursuing Hope,Manga Canon,2014,8.5,348,s18 The Fourth Great Ninja War - Obito Uchiha Against The Shinobi Forces,2014-10-23,2014,10,2958.0,1,9
384,384,A Heart Filled With Comrades,Manga Canon,2014,8.2,506,s18 The Fourth Great Ninja War - Obito Uchiha Against The Shinobi Forces,2014-10-30,2014,10,4149.2,1,9
385,385,Obito Uchiha,Mixed Canon/Filler,2014,8.1,308,s18 The Fourth Great Ninja War - Obito Uchiha Against The Shinobi Forces,2014-11-06,2014,11,2494.7999999999997,2,9
386,386,I'm Always Watching,Mixed Canon/Filler,2014,7.9,266,s18 The Fourth Great Ninja War - Obito Uchiha Against The Shinobi Forces,2014-11-13,2014,11,2101.4,2,9
387,387,The Promise That Was Kept,Manga Canon,2014,8.4,300,s18 The Fourth Great Ninja War - Obito Uchiha Against The Shinobi Forces,2014-11-20,2014,11,2520.0,1,9
388,388,My First Friend,Filler,2014,6.4,201,s18 The Fourth Great Ninja War - Obito Uchiha Against The Shinobi Forces,2014-11-27,2014,11,1286.4,0,9
389,389,The Adored Elder Sister,Filler,2014,6.3,174,s18 The Fourth Great Ninja War - Obito Uchiha Against The Shinobi Forces,2014-12-04,2014,12,1096.2,0,9
390,390,Hanabi's Decision,Filler,2014,6.7,173,s18 The Fourth Great Ninja War - Obito Uchiha Against The Shinobi Forces,2014-12-04,2014,12,1159.1000000000001,0,9
391,391,Madara Uchiha Arises,Manga Canon,2014,8.4,610,s18 The Fourth Great Ninja War - Obito Uchiha Against The Shinobi Forces,2014-12-11,2014,12,5124.0,1,9
392,392,The Hidden Heart,Manga Canon,2014,8.3,581,s18 The Fourth Great Ninja War - Obito Uchiha Against The Shinobi Forces,2014-12-18,2014,12,4822.3,1,9
393,393,A True Ending,Manga Canon,2014,8.6,766,s18 The Fourth Great Ninja War - Obito Uchiha Against The Shinobi Forces,2014-12-25,2014,12,6587.599999999999,1,9
394,394,The New Chunin Exams,Filler,2015,6.4,178,s19 Naruto'S Back ~The Tracks Of His Friends,2015-01-08,2015,1,1139.2,0,10
395,395,The Chunin Exams Begin!,Filler,2015,6.0,170,s19 Naruto'S Back ~The Tracks Of His Friends,2015-01-15,2015,1,1020.0,0,10
396,396,The Three Questions,Filler,2015,6.6,172,s19 Naruto'S Back ~The Tracks Of His Friends,2015-01-22,2015,1,1135.2,0,10
397,397,One Worthy As A Leader,Filler,2015,6.7,167,s19 Naruto'S Back ~The Tracks Of His Friends,2015-01-29,2015,1,1118.9,0,10
398,398,The Night Before the Second Exam,Filler,2015,6.4,166,s19 Naruto'S Back ~The Tracks Of His Friends,2015-02-05,2015,2,1062.4,0,10
399,399,Demon Desert Survival,Filler,2015,6.2,165,s19 Naruto'S Back ~The Tracks Of His Friends,2015-02-12,2015,2,1023.0,0,10
400,400,As a Taijutsu User,Filler,2015,6.1,169,s19 Naruto'S Back ~The Tracks Of His Friends,2015-02-19,2015,2,1030.8999999999999,0,10
401,401,The Ultimate,Filler,2015,7.1,179,s19 Naruto'S Back ~The Tracks Of His Friends,2015-02-26,2015,2,1270.8999999999999,0,10
402,402,Escape vs. Pursuit,Filler,2015,5.8,169,s19 Naruto'S Back ~The Tracks Of His Friends,2015-03-05,2015,3,980.1999999999999,0,10
403,403,Unwavering Gutsiness,Filler,2015,5.8,166,s19 Naruto'S Back ~The Tracks Of His Friends,2015-03-12,2015,3,962.8,0,10
404,404,Tenten's Troubles,Filler,2015,5.7,165,s19 Naruto'S Back ~The Tracks Of His Friends,2015-03-19,2015,3,940.5,0,10
405,405,The Imprisoned Pair,Filler,2015,5.9,163,s19 Naruto'S Back ~The Tracks Of His Friends,2015-03-26,2015,3,961.7,0,10
406,406,The Place Where I Belong,Filler,2015,5.7,164,s19 Naruto'S Back ~The Tracks Of His Friends,2015-04-02,2015,4,934.8000000000001,0,10
407,407,The Yamanaka Clan: Secret Ninjutsu,Filler,2015,5.8,164,s19 Naruto'S Back ~The Tracks Of His Friends,2015-04-09,2015,4,951.1999999999999,0,10
408,408,The Cursed Puppet,Filler,2015,6.1,164,s19 Naruto'S Back ~The Tracks Of His Friends,2015-04-16,2015,4,1000.4,0,10
409,409,Their Backs,Filler,2015,6.2,163,s19 Naruto'S Back ~The Tracks Of His Friends,2015-04-23,2015,4,1010.6,0,10
410,410,The Hidden Plot Set Into Motion,Filler,2015,6.3,164,s19 Naruto'S Back ~The Tracks Of His Friends,2015-04-30,2015,4,1033.2,0,10
411,411,The Targeted Tailed Beast,Filler,2015,6.1,164,s19 Naruto'S Back ~The Tracks Of His Friends,2015-05-07,2015,5,1000.4,0,10
412,412,Nejis Judgement,Filler,2015,6.2,165,s19 Naruto'S Back ~The Tracks Of His Friends,2015-05-14,2015,5,1023.0,0,10
413,413,Hopes Entrusted to the Future,Filler,2015,6.5,166,s19 Naruto'S Back ~The Tracks Of His Friends,2015-05-21,2015,5,1079.0,0,10
414,414,On the Brink of Death,Manga Canon,2015,8.4,404,s20 Infinite Tsukuyomi: The Invocation,2015-05-28,2015,5,3393.6000000000004,1,12
415,415,The Two Mangekyo,Mixed Canon/Filler,2015,8.2,298,s20 Infinite Tsukuyomi: The Invocation,2015-06-04,2015,6,2443.6,2,12
416,416,The Formation of Team Minato,Filler,2015,7.0,200,s20 Infinite Tsukuyomi: The Invocation,2015-06-11,2015,6,1400.0,0,12
417,417,Youll Be My Backup,Filler,2015,8.1,263,s20 Infinite Tsukuyomi: The Invocation,2015-06-25,2015,6,2130.2999999999997,0,12
418,418,The Blue Beast vs Six Paths Madara,Manga Canon,2015,8.4,341,s20 Infinite Tsukuyomi: The Invocation,2015-07-02,2015,7,2864.4,1,12
419,419,Papa's Youth,Mixed Canon/Filler,2015,8.2,453,s20 Infinite Tsukuyomi: The Invocation,2015-07-09,2015,7,3714.5999999999995,2,12
420,420,The Eight Inner Gates Formation,Manga Canon,2015,8.6,733,s20 Infinite Tsukuyomi: The Invocation,2015-07-23,2015,7,6303.8,1,12
421,421,The Sage of the Six Paths,Manga Canon,2015,9.1,1205,s20 Infinite Tsukuyomi: The Invocation,2015-07-30,2015,7,10965.5,1,12
422,422,The One Who Will Inherit,Filler,2015,6.6,174,s20 Infinite Tsukuyomi: The Invocation,2015-08-06,2015,8,1148.3999999999999,0,12
423,423,Naruto's Rival,Filler,2015,6.9,180,s20 Infinite Tsukuyomi: The Invocation,2015-08-06,2015,8,1242.0,0,12
424,424,To Rise Up,Manga Canon,2015,8.8,881,s20 Infinite Tsukuyomi: The Invocation,2015-08-13,2015,8,7752.8,1,12
425,425,The Infinite Dream,Manga Canon,2015,8.4,631,s20 Infinite Tsukuyomi: The Invocation,2015-08-20,2015,8,5300.400000000001,1,12
426,426,The Infinite Tsukuyomi,Mixed Canon/Filler,2015,8.4,302,s20 Infinite Tsukuyomi: The Invocation,2015-08-27,2015,8,2536.8,2,12
427,427,To the Dream World,Filler,2015,5.8,186,s20 Infinite Tsukuyomi: The Invocation,2015-09-03,2015,9,1078.8,0,12
428,428,Where Tenten Belongs,Filler,2015,5.8,176,s20 Infinite Tsukuyomi: The Invocation,2015-09-03,2015,9,1020.8,0,12
429,429,"Killer Bee Rappuden, Part 1",Filler,2015,5.2,176,s20 Infinite Tsukuyomi: The Invocation,2015-09-10,2015,9,915.2,0,12
430,430,"Killer Bee Rappuden, Part 2",Filler,2015,5.2,172,s20 Infinite Tsukuyomi: The Invocation,2015-09-17,2015,9,894.4,0,12
431,431,"To See That Smile, Just One More Time",Filler,2015,6.1,172,s20 Infinite Tsukuyomi: The Invocation,2015-09-24,2015,9,1049.2,0,12
432,432,The Loser Ninja,Filler,2015,5.6,166,s20 Infinite Tsukuyomi: The Invocation,2015-10-01,2015,10,929.5999999999999,0,12
433,433,The Search Mission,Filler,2015,5.6,166,s20 Infinite Tsukuyomi: The Invocation,2015-10-08,2015,10,929.5999999999999,0,12
434,434,Team Jiraiya,Filler,2015,5.1,198,s20 Infinite Tsukuyomi: The Invocation,2015-10-15,2015,10,1009.8,0,12
435,435,Order of Priority,Filler,2015,5.2,164,s20 Infinite Tsukuyomi: The Invocation,2015-10-22,2015,10,852.8000000000001,0,12
436,436,The Masked Man,Filler,2015,5.3,165,s20 Infinite Tsukuyomi: The Invocation,2015-11-05,2015,11,874.5,0,12
437,437,The Sealed Power,Filler,2015,5.3,166,s20 Infinite Tsukuyomi: The Invocation,2015-11-12,2015,11,879.8,0,12
438,438,The Rules or a Comrade,Filler,2015,5.6,165,s20 Infinite Tsukuyomi: The Invocation,2015-11-19,2015,11,923.9999999999999,0,12
439,439,The Child of Prophecy,Filler,2015,5.7,164,s20 Infinite Tsukuyomi: The Invocation,2015-11-26,2015,11,934.8000000000001,0,12
440,440,The Caged Bird,Filler,2015,5.8,166,s20 Infinite Tsukuyomi: The Invocation,2015-12-03,2015,12,962.8,0,12
441,441,Returning Home,Filler,2015,5.3,165,s20 Infinite Tsukuyomi: The Invocation,2015-12-10,2015,12,874.5,0,12
442,442,The Mutual Path,Filler,2015,6.0,165,s20 Infinite Tsukuyomi: The Invocation,2015-12-17,2015,12,990.0,0,12
443,443,The Difference in Power,Filler,2015,5.7,167,s20 Infinite Tsukuyomi: The Invocation,2015-12-24,2015,12,951.9,0,12
444,444,Leaving the Village,Filler,2016,5.9,166,s20 Infinite Tsukuyomi: The Invocation,2016-01-14,2016,1,979.4000000000001,0,12
445,445,Pursuers,Filler,2016,5.5,168,s20 Infinite Tsukuyomi: The Invocation,2016-01-21,2016,1,924.0,0,12
446,446,Collision,Filler,2016,5.6,167,s20 Infinite Tsukuyomi: The Invocation,2016-01-28,2016,1,935.1999999999999,0,12
447,447,Another Moon,Filler,2016,5.6,168,s20 Infinite Tsukuyomi: The Invocation,2016-02-04,2016,2,940.8,0,12
448,448,Comrade,Filler,2016,5.3,167,s20 Infinite Tsukuyomi: The Invocation,2016-02-11,2016,2,885.1,0,12
449,449,The Shinobi Unite,Filler,2016,5.1,203,s20 Infinite Tsukuyomi: The Invocation,2016-02-18,2016,2,1035.3,0,12
450,450,Rival,Filler,2016,6.1,169,s20 Infinite Tsukuyomi: The Invocation,2016-02-25,2016,2,1030.8999999999999,0,12
451,451,Itachi's Story - Light and Darkness: Birth and Death,Mixed Canon/Filler,2016,7.8,268,s20 Infinite Tsukuyomi: The Invocation,2016-03-03,2016,3,2090.4,2,12
452,452,Itachi's Story - Light and Darkness: the Genius,Mixed Canon/Filler,2016,8.0,254,s20 Infinite Tsukuyomi: The Invocation,2016-03-10,2016,3,2032.0,2,12
453,453,Itachi's Story - Light and Darkness: The Pain of Living,Mixed Canon/Filler,2016,7.2,237,s20 Infinite Tsukuyomi: The Invocation,2016-03-17,2016,3,1706.4,2,12
454,454,Itachi's Story - Light and Darkness: Shisui's Request,Mixed Canon/Filler,2016,8.0,253,s20 Infinite Tsukuyomi: The Invocation,2016-03-24,2016,3,2024.0,2,12
455,455,Itachi's Story - Light and Darkness: Moonlit Night,Mixed Canon/Filler,2016,8.3,616,s20 Infinite Tsukuyomi: The Invocation,2016-04-07,2016,4,5112.8,2,12
456,456,Itachi's Story - Light and Darkness: the Darkness of the Akatsuki,Mixed Canon/Filler,2016,8.0,252,s20 Infinite Tsukuyomi: The Invocation,2016-04-14,2016,4,2016.0,2,12
457,457,Itachi's Story - Light and Darkness: Partner,Mixed Canon/Filler,2016,8.3,260,s20 Infinite Tsukuyomi: The Invocation,2016-04-21,2016,4,2158.0,2,12
458,458,Itachi's Story - Light and Darkness: Truth,Mixed Canon/Filler,2016,8.4,387,s20 Infinite Tsukuyomi: The Invocation,2016-04-28,2016,4,3250.8,2,12
459,459,She of the Beginning,Manga Canon,2016,8.4,376,s20 Infinite Tsukuyomi: The Invocation,2016-05-05,2016,5,3158.4,1,12
460,460,Kaguya Otsutsuki,Mixed Canon/Filler,2016,7.6,249,s20 Infinite Tsukuyomi: The Invocation,2016-05-12,2016,5,1892.3999999999999,2,12
461,461,Hagoromo and Hamura,Mixed Canon/Filler,2016,8.0,254,s20 Infinite Tsukuyomi: The Invocation,2016-05-19,2016,5,2032.0,2,12
462,462,A Fabricated Past,Mixed Canon/Filler,2016,8.2,270,s20 Infinite Tsukuyomi: The Invocation,2016-05-26,2016,5,2214.0,2,12
463,463,The No. 1 Most Unpredictable Ninja,Manga Canon,2016,8.4,314,s20 Infinite Tsukuyomi: The Invocation,2016-06-02,2016,6,2637.6,1,12
464,464,Ninshu: The Ninja Creed,Filler,2016,7.7,217,s20 Infinite Tsukuyomi: The Invocation,2016-06-09,2016,6,1670.9,0,12
465,465,Ashura and Indra,Filler,2016,7.5,210,s20 Infinite Tsukuyomi: The Invocation,2016-06-16,2016,6,1575.0,0,12
466,466,The Tumultuous Journey,Filler,2016,7.5,208,s20 Infinite Tsukuyomi: The Invocation,2016-06-30,2016,6,1560.0,0,12
467,467,Ashura's Decision,Filler,2016,7.8,212,s20 Infinite Tsukuyomi: The Invocation,2016-07-07,2016,7,1653.6,0,12
468,468,The Successor,Filler,2016,8.2,255,s20 Infinite Tsukuyomi: The Invocation,2016-07-21,2016,7,2091.0,0,12
469,469,A Special Mission,Mixed Canon/Filler,2016,8.0,274,s20 Infinite Tsukuyomi: The Invocation,2016-07-28,2016,7,2192.0,2,12
470,470,Connecting Thoughts,Manga Canon,2016,8.3,444,s20 Infinite Tsukuyomi: The Invocation,2016-08-04,2016,8,3685.2000000000003,1,12
471,471,The Two of Them...Always,Mixed Canon/Filler,2016,8.4,328,s20 Infinite Tsukuyomi: The Invocation,2016-08-11,2016,8,2755.2000000000003,2,12
472,472,You Better...,Mixed Canon/Filler,2016,8.2,591,s20 Infinite Tsukuyomi: The Invocation,2016-08-18,2016,8,4846.2,2,12
473,473,The Sharingan Revived,Manga Canon,2016,8.5,744,s20 Infinite Tsukuyomi: The Invocation,2016-08-25,2016,8,6324.0,1,12
474,474,Congratulations,Manga Canon,2016,9.2,1334,s20 Infinite Tsukuyomi: The Invocation,2016-09-01,2016,9,12272.8,1,12
475,475,The Final Valley,Manga Canon,2016,8.2,706,s20 Infinite Tsukuyomi: The Invocation,2016-09-08,2016,9,5789.2,1,12
476,476,The Final Battle,Manga Canon,2016,9.3,1596,s20 Infinite Tsukuyomi: The Invocation,2016-09-29,2016,9,14842.800000000001,1,12
477,477,Naruto and Sasuke,Manga Canon,2016,9.5,2780,s20 Infinite Tsukuyomi: The Invocation,2016-09-29,2016,9,26410.0,1,12
478,478,The Unison Sign,Mixed Canon/Filler,2016,9.2,1304,s20 Infinite Tsukuyomi: The Invocation,2016-10-06,2016,10,11996.8,2,12
479,479,Naruto Uzumaki!!,Mixed Canon/Filler,2016,8.6,862,s20 Infinite Tsukuyomi: The Invocation,2016-10-13,2016,10,7413.2,2,12
480,480,Naruto and Hinata,Filler,2016,7.4,309,s21 Series,2016-10-20,2016,10,2286.6,0,13
481,481,Sasuke and Sakura,Filler,2016,6.6,261,s21 Series,2016-10-27,2016,10,1722.6,0,13
482,482,Gaara and Shikamaru,Filler,2016,6.7,261,s21 Series,2016-11-03,2016,11,1748.7,0,13
483,483,Jiraiya and Kakashi,Filler,2016,6.8,259,s21 Series,2016-11-10,2016,11,1761.2,0,13
484,484,"Sasukes Story - Sunrise, Part 1: The Exploding Human",Manga Canon,2016,7.4,313,s21 Series,2016-12-01,2016,12,2316.2000000000003,1,13
485,485,"Sasuke's Story - Sunrise, Part 2: Coliseum",Manga Canon,2016,7.4,304,s21 Series,2016-12-08,2016,12,2249.6,1,13
486,486,"Sasukes Story - Sunrise, Part 3: Fuushin",Manga Canon,2016,7.4,293,s21 Series,2016-12-15,2016,12,2168.2000000000003,1,13
487,487,"Sasukes Story - Sunrise, Part 4: The Ketsuryugan",Manga Canon,2016,7.1,294,s21 Series,2016-12-22,2016,12,2087.4,1,13
488,488,"Sasukes Story: Sunrise, Part 5: The Last One",Manga Canon,2017,8.0,356,s21 Series,2017-01-05,2017,1,2848.0,1,13
489,489,"Shikamarus Story, A Cloud Drifting in the Silent Dark, Part 1: The State of Affairs",Manga Canon,2017,7.5,305,s21 Series,2017-01-12,2017,1,2287.5,1,13
490,490,"Shikamarus Story, a Cloud Drifting in the Silent Dark, Part 2: Dark Clouds",Manga Canon,2017,7.1,293,s21 Series,2017-01-19,2017,1,2080.2999999999997,1,13
491,491,"Shikamarus Story, a Cloud Drifting in the Silent Dark, Part 3: Recklessness",Manga Canon,2017,7.1,290,s21 Series,2017-01-26,2017,1,2059.0,1,13
492,492,"Shikamarus Story, a Cloud Drifting in the Silent Dark, Part 4: Cloud of Suspicion",Manga Canon,2017,7.2,289,s21 Series,2017-02-02,2017,2,2080.8,1,13
493,493,"Shikamarus Story, a Cloud Drifting in the Silent Dark, Part 5: Dawn",Manga Canon,2017,7.4,298,s21 Series,2017-02-09,2017,2,2205.2000000000003,1,13
494,494,"Hidden Leaf Story, the Perfect Day for a Wedding, Part 1: Narutos Wedding",Manga Canon,2017,7.3,303,s21 Series,2017-02-16,2017,2,2211.9,1,13
495,495,"Hidden Leaf Story, the Perfect Day for a Wedding, Part 2: A Full-Powered Wedding Gift",Manga Canon,2017,6.7,313,s21 Series,2017-02-16,2017,2,2097.1,1,13
496,496,"Hidden Leaf Story, the Perfect Day for a Wedding, Part 3: Steam and Food Pills",Manga Canon,2017,7.5,313,s21 Series,2017-02-23,2017,2,2347.5,1,13
497,497,"Hidden Leaf Story, the Perfect Day for a Wedding, Part 4: the Kazekages Wedding Gift",Manga Canon,2017,7.2,301,s21 Series,2017-03-02,2017,3,2167.2000000000003,1,13
498,498,"Hidden Leaf Story, the Perfect Day for a Wedding, Part 5: The Last Mission",Manga Canon,2017,6.8,305,s21 Series,2017-03-09,2017,3,2074.0,1,13
499,499,"Hidden Leaf Story, the Perfect Day for a Wedding, Part 6: The Outcome of the Secret Mission",Manga Canon,2017,7.6,323,s21 Series,2017-03-16,2017,3,2454.7999999999997,1,13
500,500,"Hidden Leaf Story, the Perfect Day for a Wedding, Part 7: The Message",Manga Canon,2017,8.8,1288,s21 Series,2017-03-23,2017,3,11334.400000000001,1,13
